date,close,high,low,open,volume,ma_7,ma_30,ma_90,daily_return,volatility_7,volatility_30,rsi,macd,macd_signal,bb_upper,bb_lower,Prediksi_Harga
2025-02-27,2883.199951171875,2922.800048828125,2870.39990234375,2918.5,3215,2921.342843191964,2846.1166829427084,2725.678889973958,-0.0115195066832741,0.0082555142280066,0.0089944579433982,54.35145156357157,42.48130318855101,50.58889950915516,2971.413904290892,2812.9761103575456,2920.741685551824
2025-02-28,2836.800048828125,2877.10009765625,2834.10009765625,2877.10009765625,990,2909.5428641183034,2850.260017903646,2727.0466688368056,-0.0160931961464867,0.0097832429470506,0.0093812763980151,46.6096300457481,33.940502309754265,47.25922006927499,2969.890592035853,2815.879427495397,2887.405859685241
2025-03-03,2890.199951171875,2891.800048828125,2863.39990234375,2872.699951171875,423,2902.428571428572,2855.0533528645838,2728.903333875868,0.0188239923239599,0.0126119778699288,0.0097017767561207,54.62081532163804,31.12202656820682,44.03178136906136,2964.4352038848,2829.104810763637,2841.3149954619294
2025-03-04,2909.60009765625,2927.89990234375,2886.10009765625,2886.10009765625,885,2898.428571428572,2860.5633544921875,2730.74111328125,0.0067123890430171,0.0130788788717464,0.0097309980273056,57.13712656013311,30.106742141893392,41.246773523627766,2961.90374041326,2839.206293766428,2894.828483837133
2025-03-05,2915.300048828125,2922.0,2893.0,2916.699951171875,551,2893.771449497768,2865.906689453125,2732.9733371310763,0.0019590153218878,0.0129970564419143,0.0097243685893119,57.87619736582813,29.422891563571284,38.88199713161647,2961.2927012949044,2846.0173328847827,2914.40329529671
2025-03-06,2916.60009765625,2918.60009765625,2903.800048828125,2904.0,870,2895.5000348772323,2870.873356119792,2734.992228190104,0.0004459399740508,0.0116195537283531,0.0097149101986445,58.05384936121009,28.655515187202127,36.836700742733605,2961.850205361201,2849.9598288184866,2920.3253448851174
2025-03-07,2904.699951171875,2927.300048828125,2900.5,2900.89990234375,531,2893.771449497768,2875.5933512369797,2736.8122287326387,-0.0040801433470216,0.0116172463540452,0.0097549611103255,55.73666378308592,26.77843636722264,34.82504786763141,2959.411880963484,2857.2681483333918,2921.8967435226077
2025-03-10,2891.0,2915.10009765625,2880.199951171875,2910.10009765625,55,2894.8857421875,2879.383349609375,2738.457785373264,-0.0047164772273115,0.0108011488055979,0.0098014519561979,53.1085415192094,23.90974960432868,32.641988214970866,2957.75361486916,2861.296409544902,2910.28004738249
2025-03-11,2912.89990234375,2916.699951171875,2880.39990234375,2884.39990234375,197,2905.757149832589,2885.230013020833,2740.06334092882,0.0075751997038222,0.008141646236183,0.0093979908569853,56.6290948226602,23.13672797302388,30.74093616658147,2957.6597379738705,2861.250271791754,2896.8863496780396
2025-03-12,2939.10009765625,2939.10009765625,2910.0,2912.0,213,2912.7428850446427,2890.973347981771,2741.7366753472224,0.0089945402145192,0.0055605081718156,0.0093491982647477,60.454370269770486,24.357461899659484,29.464241313197075,2960.690245427661,2860.8797741035896,2919.0940537998686
2025-03-13,2984.300048828125,2988.0,2935.199951171875,2937.10009765625,2366,2923.414306640625,2898.1466796875,2744.470008680556,0.0153788403490984,0.0073531793476841,0.0096556306093273,66.0221080984787,28.64199356643576,29.29979176384481,2973.8297432678883,2855.270281146174,2945.6018772735843
2025-03-14,2994.5,3004.800048828125,2986.0,2994.39990234375,1800,2934.728585379464,2903.863346354167,2747.31334092882,0.0034178705240714,0.0073178208826356,0.0091152320069008,67.14622222915804,32.48608720435686,29.937050851947227,2986.67981977558,2849.280214404108,2990.853435420926
2025-03-17,3000.0,3001.5,2989.0,2991.0,214,2946.6428571428573,2910.113346354167,2750.245562065972,0.0018367006177992,0.0072280277814473,0.0090510681029915,67.76549818664458,35.56637609783502,31.062915901124786,2999.253529445573,2848.3464949684894,3001.0811398029327
2025-03-18,3035.10009765625,3039.199951171875,3004.39990234375,3006.39990234375,428,2965.271449497768,2916.82001953125,2753.5211181640625,0.0117000325520832,0.0067089713951178,0.0091655765607202,71.46246596496134,40.37440081490104,32.92521288388004,3018.7050757379598,2839.2449486761034,3006.57856464386
2025-03-19,3035.89990234375,3050.89990234375,3030.89990234375,3035.199951171875,175,2985.971435546875,2922.9066813151044,2757.6133382161456,0.0002635183887733,0.0054995733711884,0.0091324625490452,71.54255644370978,43.74506669861466,35.08918364682697,3035.715876577482,2833.8841478365803,3041.605479688151
2025-03-20,3040.0,3047.300048828125,3034.39990234375,3047.300048828125,185,3004.128592354911,2928.520011393229,2761.408894856771,0.0013505378267197,0.0058852737894265,0.0090969048298954,71.97674459865142,46.21445583138348,37.31423808373828,3050.669355099257,2828.930669314805,3042.3592268773355
2025-03-21,3018.199951171875,3037.5,3000.89990234375,3034.5,151,3015.428571428572,2933.9266764322915,2765.0833387586804,-0.0071710686934621,0.0075204952638874,0.0091508767421954,66.19382058854072,45.88346671741874,39.02808381047437,3059.8273755022296,2827.832634263395,3046.37020111084
2025-03-24,3013.10009765625,3024.300048828125,3006.0,3024.300048828125,137,3019.5428641183034,2938.786678059896,2769.5488959418403,-0.0016897003505831,0.0056958387033272,0.0091648207138932,64.88054849160758,44.69443033095922,40.16135311457134,3066.961761417349,2827.2182678795257,3024.458268398128
2025-03-25,3023.699951171875,3028.800048828125,3023.699951171875,3026.39990234375,74,3023.714285714286,2942.433341471354,2774.2566731770835,0.0035179227944899,0.0057019071329588,0.0087447213016625,66.37382944203543,44.09908323932723,40.94889913952252,3075.680285774002,2830.41973864006,3019.3593342663953
2025-03-26,3020.89990234375,3033.199951171875,3019.5,3033.199951171875,83,3026.699986049108,2946.046671549479,2779.1466715494794,-0.0009260339561932,0.0057620320510283,0.0087471928196626,65.58056248899081,42.906723836638776,41.34046407894577,3083.105818854564,2833.404190911061,3029.9750795900763
2025-03-27,3060.199951171875,3065.0,3025.5,3025.5,124359,3030.2856794084823,2951.086669921875,2784.6133382161456,0.0130093846531076,0.0061735845343893,0.0089909216929692,70.8470099937491,44.61862023578897,41.996095310314416,3094.48764870321,2839.7223610624146,3027.179303121229
2025-03-28,3086.5,3094.89990234375,3066.800048828125,3069.699951171875,31206,3037.5142647879466,2956.440006510417,2790.4000054253474,0.0085942256217779,0.0067412934252916,0.0090486860591588,73.74246062515701,47.54938489678807,43.10675322760915,3102.3010204790926,2856.87898440372,3066.955396496749
2025-03-31,3122.800048828125,3132.5,3086.0,3091.0,3438,3049.342843191964,2964.413338216146,2796.091115993924,0.0117609100366515,0.0075724773816617,0.0086807917388032,77.12016263014687,52.19942509443763,44.92528760097484,3121.683309128103,2860.756705520335,3093.253529012203
2025-04-01,3118.89990234375,3149.5,3104.0,3129.699951171875,1721,3063.7285505022323,2970.6566650390623,2801.555558268229,-0.0012489260994595,0.0063683186181272,0.0082954647432336,75.98912477255692,54.93663094176918,46.92755626913372,3137.738950910736,2865.6310442064514,3129.354922206374
2025-04-02,3139.89990234375,3168.60009765625,3117.39990234375,3120.699951171875,5946,3081.8428083147323,2978.0066650390627,2807.018891059028,0.0067331433061443,0.0057186820556622,0.0082502539656939,77.87101288979223,58.130320640485024,49.16810914340398,3155.5138239893363,2870.316156479414,3125.2588292395812
2025-04-03,3097.0,3166.89990234375,3052.0,3150.0,5516,3092.314243861608,2983.239998372396,2811.7400010850693,-0.0136628248281824,0.0094142779534732,0.0087070436039513,66.41859502276938,56.5478309509117,50.64405350490553,3161.819695765561,2882.050274937564,3146.0677040327573
2025-04-04,3012.0,3127.699951171875,3011.0,3110.5,3247,3091.042829241072,2985.7199951171874,2815.0966688368057,-0.0274459154020019,0.0150971312882567,0.0102080605684493,50.554133419583366,47.88294209496735,50.09183122291789,3156.6194733386037,2897.9805022473342,3102.8520492315292
2025-04-07,2951.300048828125,3050.800048828125,2949.699951171875,3016.39990234375,4424,3075.4857003348216,2985.833333333333,2818.8133355034724,-0.0201527062323622,0.0154159602863741,0.0108896812588139,42.70886537254724,35.70637560899331,47.21474010013298,3149.171328697917,2911.4586517708326,3017.7115416526794
2025-04-08,2968.39990234375,3014.5,2968.39990234375,2994.0,3213,3058.6142578125,2987.963330078125,2822.681111653646,0.0057940071265931,0.0150341873345856,0.0105664132899798,45.28487365157267,27.12351125673877,43.19649433145414,3143.11481353252,2923.0651669362296,2957.061140334554
2025-04-09,3056.5,3090.39990234375,2965.800048828125,2965.800048828125,2175,3049.142822265625,2992.6199951171875,2827.3100016276044,0.0296793223806162,0.0193585370188069,0.0118022262930835,56.2095367691649,27.117873058670284,39.98077007689737,3140.500224179136,2937.419746523989,2974.226574992179
2025-04-10,3155.199951171875,3167.0,3072.10009765625,3073.89990234375,3456,3054.328543526786,3001.686661783854,2832.845556640625,0.0322918210933667,0.0235357234038414,0.0127886167416371,64.71055120143095,34.67792045499209,38.92020015251632,3157.610187128478,2937.399773809022,3062.1618396639824
2025-04-11,3222.199951171875,3235.0,3182.10009765625,3182.10009765625,862,3066.085693359375,3014.5333251953125,2839.371112738715,0.0212347873468734,0.0246450654978758,0.012673382130975,69.096304320375,45.5505738799734,40.24627489800773,3189.834412131428,2927.9455439232597,3160.581983101525
2025-04-14,3204.800048828125,3228.800048828125,3194.5,3215.5,263,3081.4857003348216,3025.019995117188,2845.594447157118,-0.0054000070161449,0.023845070038419,0.0124886026155612,66.77532119412554,52.16191328374862,42.62940257515592,3211.5777185085103,2926.68224242899,3227.3148420512443
2025-04-15,3218.699951171875,3218.699951171875,3214.0,3216.0,390,3111.0142647879466,3035.3233235677085,2851.871112738715,0.0043372135958474,0.0191738696063204,0.0124752221392325,67.70847940463119,57.85612396331635,45.674746852788005,3233.8634933647904,2922.7564529242723,3209.7948651121114
2025-04-16,3326.60009765625,3334.89990234375,3238.300048828125,3238.300048828125,1874,3164.6285574776784,3049.0333251953125,2859.648890516493,0.0335228968593641,0.0156650394170488,0.0136236366491316,73.84868589205475,70.26549018152218,50.592895518534846,3280.785680956935,2904.904284863378,3223.55911447783
2025-04-17,3308.699951171875,3345.0,3287.800048828125,3345.0,824,3213.242850167411,3062.1033203125,2867.0944444444444,-0.0053809132323979,0.0175009829733201,0.0137245623425507,71.42236660435697,77.75924986163,56.02616638715388,3314.510296142551,2898.0496647949494,3331.212902585976
2025-04-21,3406.199951171875,3418.5,3342.199951171875,3342.199951171875,78,3263.199986049108,3078.8199869791665,2875.3311116536456,0.0294677672314975,0.0174730901447604,0.0143694536684318,76.04004685846807,90.52206157839146,62.9253454254014,3367.119835958135,2884.2401249793647,3313.0773105690605
2025-04-22,3400.800048828125,3485.60009765625,3361.699951171875,3422.199951171875,785,3298.285714285714,3095.8133219401043,2883.1444444444446,-0.0015853157246075,0.0167981912612368,0.0143044970547255,75.31420755507291,99.05906360167046,70.15208906065521,3408.4913542643217,2881.638601790366,3410.2974085458845
2025-04-23,3276.300048828125,3370.300048828125,3256.199951171875,3321.199951171875,331,3306.0142996651784,3107.92666015625,2889.1722222222224,-0.0366090326430397,0.0236772649285552,0.0162311727277812,60.88408504510188,94.68709580108634,75.05909040874144,3420.856572844701,2894.533392975612,3404.543982082716
2025-04-24,3332.0,3353.89990234375,3304.89990234375,3305.39990234375,560,3324.185721261161,3121.0233235677083,2896.333333333333,0.0170008699880213,0.023924881894198,0.0163803473574313,64.18983203940546,94.6260106285722,78.97247445270759,3438.994336166295,2907.505639419642,3279.8249015737383
2025-04-25,3282.39990234375,3355.5,3266.10009765625,3355.5,162,3333.285714285714,3130.9599853515624,2903.293332248264,-0.0148859836903511,0.0251933285792344,0.0166062269981009,59.3775528661936,89.5430898327586,81.08659752871779,3448.846297138464,2919.873673564661,3335.1792316436768
2025-04-28,3332.5,3332.5,3284.5,3284.5,1300,3334.1285574776784,3142.2266520182293,2910.8611111111118,0.0152632522382409,0.0222938662358761,0.0167490451993219,62.440536518168656,88.53689939456808,82.57665790188784,3464.6555572628235,2928.664413440302,3285.38624716457
2025-04-29,3318.800048828125,3340.0,3299.89990234375,3340.0,1278,3335.5714285714284,3152.8533203125,2918.3544460720486,-0.0041110131048387,0.022243455856628,0.0168070439457749,61.084184227292006,85.64673244045662,83.19067280960161,3477.255198641248,2935.664772061877,3335.316211283207
2025-04-30,3305.0,3318.699951171875,3268.0,3318.699951171875,207,3321.1142926897323,3161.8499837239583,2925.7822238498266,-0.0041581440957848,0.0182558795217884,0.0167898938922967,59.67792343246234,81.30546688680988,82.81363162504326,3486.675285991559,2944.854694477191,3321.506565944437
2025-05-01,3210.0,3275.0,3198.60009765625,3272.89990234375,2131,3293.8571428571427,3167.6533203125,2932.646668836805,-0.0287443267776096,0.0203810310616136,0.0177590279061462,50.977450364792645,69.39928485034216,80.13076227010303,3487.9683256305734,2950.5716646038018,3307.728751897812
2025-05-02,3231.89990234375,3257.0,3225.0,3239.89990234375,1349,3287.5142647879466,3174.049983723958,2939.348890516493,0.0068223994840341,0.0164676851434723,0.0177800778888293,52.68978005683346,61.02720526685198,76.31005086945282,3488.8052593736184,2963.224721095132,3212.907464504242
2025-05-05,3311.300048828125,3315.699951171875,3239.699951171875,3242.699951171875,244,3284.55712890625,3183.8199869791665,2947.11555718316,0.0245676378859365,0.018079309025891,0.0181440789902887,58.36765905349858,60.10633174843451,73.06930704524916,3486.860340399739,2995.099644951824,3235.0063544407603
2025-05-06,3411.39990234375,3430.89990234375,3356.800048828125,3365.5,2357,3302.9857003348216,3197.096647135417,2955.908889431424,0.03022977442079,0.0201257035679368,0.0187693444874162,64.20078658724802,66.68505070535457,71.79245577727025,3481.622118657288,3046.347852045837,3314.5578192833636
2025-05-07,3381.39990234375,3418.699951171875,3364.699951171875,3418.699951171875,1080,3309.9714006696427,3209.019978841146,2964.1599989149304,-0.008794043752944,0.0202731226569722,0.0189214106896586,61.423151240943575,68.68621170345023,71.17120696250625,3460.542279346561,3108.7276913565643,3414.7614411822287
2025-05-08,3296.60009765625,3390.0,3288.699951171875,3390.0,200,3306.799979073661,3218.2099853515624,2971.708889431424,-0.0250783128693895,0.0227667168664118,0.0196345140539756,54.27501074781131,62.706667248784925,69.47829901976199,3438.0133044981294,3155.266675970621,3384.9072256744257
2025-05-09,3335.39990234375,3335.5,3299.0,3299.0,216,3311.142822265625,3227.383317057292,2979.812220594618,0.011769642522029,0.0231602823621493,0.0196142365437522,56.7548188661016,60.40237419243704,67.663114054297,3431.9872467043424,3179.312728881595,3300.361360494455
2025-05-12,3220.0,3300.699951171875,3205.0,3300.699951171875,886,3312.571393694197,3231.833317057292,2986.376665581597,-0.0345985206339605,0.0245028442819217,0.0207465946845893,48.35505739163767,48.70298002465779,63.871087248369165,3432.1711749826936,3178.9088054860567,3339.282172756968
2025-05-13,3240.300048828125,3251.39990234375,3223.5,3232.0,2424,3313.771414620536,3235.7499837239584,2992.8366672092016,0.0063043629901009,0.0244820539331163,0.0206784365068511,49.76356547778502,40.60114541197845,59.21709888109103,3429.152575908065,3185.477404560684,3224.2124128341675
2025-05-14,3181.39990234375,3233.0,3171.699951171875,3233.0,3518,3295.214250837053,3237.833317057292,2998.796666124132,-0.0181773741927623,0.0227881461933633,0.0209830400592806,45.85578918967266,29.09227589147349,53.19213428316752,3433.632986620657,3177.26698896528,3244.752627690177
2025-05-15,3220.699951171875,3228.10009765625,3125.0,3151.0,652,3267.9714006696427,3240.526652018229,3005.266666666667,0.01235306784261,0.0187663416315519,0.021062085864331,48.7477508506984,22.878866049544285,47.12948063644288,3433.06766267107,3167.24229826643,3186.427651703998
2025-05-16,3182.0,3228.10009765625,3173.89990234375,3227.699951171875,199,3239.4857003348216,3243.3599853515625,3011.103333875868,-0.0120160063832688,0.0188275713477986,0.0210244983278143,46.13457271189226,14.662906495295374,40.63616580821338,3436.237569222368,3151.402396597945,3226.052037873189
2025-05-19,3228.89990234375,3241.0,3228.300048828125,3234.39990234375,266,3229.814243861608,3250.589982096354,3017.3744439019097,0.014739127072203,0.0189953704142197,0.0204511900384982,49.65667931703255,11.800105248074942,34.86895369618569,3420.1788235464437,3149.731137391057,3187.950834274292
2025-05-20,3280.300048828125,3293.199951171875,3207.5,3219.0,356,3221.9428362165177,3261.556648763021,3024.0022216796874,0.0159187797822613,0.0195815982898983,0.0201299062045522,53.26350866325322,13.522992249739673,30.599761406896487,3403.270653387063,3154.589307550437,3235.041988818848
2025-05-21,3309.300048828125,3317.5,3290.199951171875,3293.39990234375,979,3234.699986049108,3272.919986979167,3030.677777777778,0.0088406546865613,0.0135661964553861,0.0201483795441936,55.21314077037262,17.032114632813773,27.886232052079947,3405.6111679546034,3155.5487929828964,3286.632586835709
2025-05-22,3292.300048828125,3328.0,3282.699951171875,3327.300048828125,1210,3242.1285574776784,3280.779988606771,3037.553333875868,-0.0051370379685032,0.0139260096144116,0.0196032642882413,53.79641591799273,18.231203512626053,25.95522634418917,3401.540927542922,3155.649038277391,3315.838874853769
2025-05-23,3363.60009765625,3363.60009765625,3323.5,3328.0,47,3268.157156808036,3287.72666015625,3045.1766682942707,0.0216566071654082,0.0121620035438237,0.0191397226100964,58.59508247297283,24.650650792071247,25.69431123376559,3411.076365541341,3154.233619810221,3299.131037038547
2025-05-27,3299.10009765625,3341.0,3296.300048828125,3332.5,189,3279.357177734375,3290.289998372396,3051.6944471571182,-0.0191758824257805,0.0156431793591769,0.0191839949716834,53.21112164172993,24.253914036171864,25.40623179424685,3407.626526365076,3154.343468752112,3370.311573318788
2025-05-28,3293.60009765625,3293.60009765625,3293.60009765625,3293.60009765625,127758,3295.300048828125,3293.25,3057.774449327257,-0.0016671212867737,0.0143639739944834,0.0191533705076612,52.76589444598169,23.227936076009428,24.970572650599365,3405.3337535669534,3154.1162464330464,3306.211054428306
2025-05-29,3317.10009765625,3328.800048828125,3242.39990234375,3283.699951171875,24370,3307.900076729911,3296.5300048828126,3064.138894314236,0.0071350495819826,0.0137826613842531,0.0191765287656373,54.51702292290548,24.03404524025791,24.78326716853108,3406.535033740515,3154.12497602511,3301.198622070544
2025-05-30,3288.89990234375,3318.0,3270.89990234375,3315.10009765625,2213,3309.1286272321427,3295.273331705729,3070.071115451389,-0.0085014604571098,0.0133280047423162,0.0182449256219571,52.02449996689752,22.14213176577732,24.255040087980326,3406.3032101573644,3162.246789842636,3324.611669713864
2025-06-02,3370.60009765625,3380.800048828125,3296.89990234375,3296.89990234375,976,3317.8857770647323,3297.336669921875,3076.771115451389,0.0248411924164302,0.016092254126985,0.0187766608396685,58.013717901115385,26.924925886018627,24.789017247587985,3416.271118662773,3166.148900868477,3296.5522742621833
2025-06-03,3350.199951171875,3390.0,3331.300048828125,3385.10009765625,6410,3326.157191685268,3295.470003255208,3083.294447157118,-0.0060523781799449,0.016170419795656,0.0180101551433413,56.129476791013765,28.737930381630576,25.578799874396505,3420.592792206968,3165.717217558657,3377.9049460620154
2025-06-04,3373.5,3380.0,3344.0,3355.0,207,3327.571463448661,3294.5600016276044,3089.918891059028,0.0069548233441931,0.0141066108756158,0.018058121313074,57.81476610155934,31.68957107095912,26.80095411370903,3412.5889762372253,3169.9310432940247,3357.678646598535
2025-06-05,3350.699951171875,3400.0,3343.699951171875,3371.5,731,3334.94287109375,3297.039998372396,3096.7322238498264,-0.0067585738337409,0.0118136705548528,0.0167528873506055,55.56535230849816,31.82216804558584,27.805196900084397,3407.1680814581528,3172.28194295591,3380.8573806881905
2025-06-06,3322.699951171875,3364.300048828125,3306.0,3364.300048828125,81,3339.099993024553,3296.729996744792,3102.908889431424,-0.0083564629504373,0.0124400079988399,0.0165501879564635,52.84609431401748,29.32979054085672,28.110115628238862,3409.326574788912,3172.7334349767134,3358.1581932888366
2025-06-09,3332.10009765625,3334.60009765625,3290.0,3315.60009765625,1887,3341.242850167411,3298.386669921875,3109.164444986979,0.0028290687159577,0.0122090389946347,0.0163136343257651,53.665895215543976,27.79269973059581,28.046632448710252,3408.922553621532,3172.807475675342,3330.2408401573193
2025-06-10,3320.89990234375,3344.300048828125,3302.0,3302.0,65,3345.814278738839,3298.0,3114.696666124132,-0.0033613021770798,0.0117070782669409,0.0160904123558898,52.49482516888035,25.37823750696589,27.512953460361384,3409.979389710478,3181.8406298207724,3339.580890791316
2025-06-11,3321.300048828125,3356.0,3321.300048828125,3328.0,2106,3338.771414620536,3298.083333333333,3120.35,0.0001204933891842,0.0056165400442248,0.0160715851193335,52.53467615161951,23.22927465806697,26.656217699902506,3411.569376337737,3188.3506431935125,3328.429580228636
2025-06-12,3380.89990234375,3395.89990234375,3353.39990234375,3363.0,1818,3343.1571219308034,3300.613330078125,3126.427777777778,0.0179447362898315,0.0090614435666067,0.0163711048093718,58.16403319542941,26.035297496694056,26.53203365926082,3412.6852002003016,3207.184819330949,3328.896358339407
2025-06-13,3431.199951171875,3444.0,3407.300048828125,3407.300048828125,499,3351.399972098214,3307.9866617838543,3132.8488878038197,0.0148777101603201,0.0102911839441157,0.0155659643961527,62.23484914977614,31.94958939932394,27.615544807273444,3427.5252104648634,3213.394809066386,3388.2347304013674
2025-06-16,3396.39990234375,3442.0,3385.39990234375,3442.0,480,3357.928536551339,3313.4699951171874,3138.679996744792,-0.0101422386696641,0.01086065278873,0.015705077066015,58.02792366792758,33.44312372535978,28.78106059089071,3422.407317764504,3239.9526920011217,3438.299909681373
2025-06-17,3386.60009765625,3398.300048828125,3376.10009765625,3398.300048828125,1477,3367.05712890625,3315.979996744792,3144.5755533854167,-0.0028853506563634,0.0101668939809053,0.0151201572891177,56.862248730292514,33.450402681223295,29.714929008957228,3420.279314873957,3257.8507144229184,3403.538384279993
2025-06-18,3389.800048828125,3391.89990234375,3365.10009765625,3385.300048828125,0,3375.299979073661,3315.260001627604,3150.3811089409724,0.000944886044883,0.0101899548765864,0.0140673474905392,57.16483657007965,33.33017115686516,30.437977438538816,3423.912582694274,3265.167446602601,3393.720808568294
2025-06-20,3368.10009765625,3372.89990234375,3341.0,3350.0,709,3382.0428641183034,3314.8166748046874,3155.423331705729,-0.0064015431173815,0.010540179675,0.0140231645875927,54.37918525651822,31.125091422852165,30.57540023540149,3425.7620365121397,3269.1979976675484,3396.9274880005396
2025-06-23,3377.699951171875,3387.89990234375,3350.0,3365.89990234375,30,3390.099993024553,3317.5200032552084,3160.592220052083,0.0028502280921831,0.0105066679542302,0.0132066294576719,55.41428932139476,29.80856323451235,30.42203283522366,3426.775516106312,3276.724508307751,3375.3372941327398
2025-06-24,3317.39990234375,3358.0,3301.0,3358.0,538,3381.028564453125,3316.9200032552085,3165.129996744792,-0.0178523994729621,0.0104225069085166,0.0134702654066987,48.040860446886775,23.62713624898788,29.063053517976503,3425.6986593884376,3273.181345494375,3384.975894703588
2025-06-25,3327.10009765625,3331.199951171875,3310.60009765625,3321.60009765625,373,3366.157156808036,3320.4900065104166,3169.5877766927083,0.0029240355694371,0.0076920710173713,0.0117934679932565,49.21159859314614,19.288687538830345,27.10818032214728,3424.3283404670497,3277.351664415763,3324.927971904399
2025-06-26,3333.5,3333.5,3332.39990234375,3332.39990234375,2058,3357.171456473214,3323.596671549479,3174.586664496528,0.0019235677184039,0.0075322099085612,0.0117546100890034,50.01187899732747,16.18033745386265,24.922611748490358,3422.040991523507,3283.629003593681,3334.782254432619
2025-06-27,3273.699951171875,3318.699951171875,3253.800048828125,3318.699951171875,284,3341.0428641183034,3326.67333984375,3178.3877739800346,-0.0179391176925528,0.0095040599018586,0.011741270621437,43.16731823517486,8.790254860218738,21.696140370836037,3426.610420463208,3274.7195600055425,3341.371385574341
2025-06-30,3294.39990234375,3306.89990234375,3262.0,3265.89990234375,1242,3327.4142717633927,3329.1300048828125,3182.5544406467016,0.0063231058070747,0.0102345347696999,0.0115912288531153,45.92607113516609,4.551408421812994,18.267193981031426,3426.023761312306,3275.856219156444,3281.7840927229554
2025-07-01,3336.699951171875,3354.10009765625,3310.10009765625,3310.10009765625,371,3322.928536551339,3334.286669921875,3186.9622178819445,0.0128399860618109,0.0119327788929131,0.0115303225322255,51.14498397920694,4.552869854686833,15.524329155762508,3424.0068198170893,3274.483146003223,3302.4833213317324
2025-07-02,3348.0,3357.5,3329.0,3329.0,39,3318.6856863839284,3338.2566731770835,3191.522216796875,0.0033865942378654,0.0119653665882341,0.011269191654335,52.46485376703006,5.403558691749367,13.50017506295988,3423.8973519771616,3274.3726187259635,3344.7376012698805
2025-07-03,3331.60009765625,3362.0,3322.300048828125,3362.0,0,3320.714285714286,3339.9666748046875,3195.7855523003477,-0.0048984176653972,0.0097587761510534,0.0109730647007007,50.33928764943055,4.700219460411063,11.740183942450116,3421.3004717493104,3272.77950871944,3356.0756464004517
2025-07-04,3332.5,3342.0,3332.5,3342.0,0,3321.4857003348216,3340.7400065104166,3200.5411078559027,0.0002701111530112,0.0097071842627809,0.0108614589755609,50.45789712700256,4.167393532106871,10.225625860381468,3420.6344216246284,3271.6255637269337,3339.815304281714
2025-07-07,3332.199951171875,3333.300048828125,3299.199951171875,3305.5,254,3321.299979073661,3342.070003255208,3205.156662326389,-9.003715772692988e-05,0.0096798913236463,0.0108134852595548,50.41466122372481,3.678510137236572,8.916202715752489,3420.6254173927405,3272.5845679588224,3340.7897278666496
2025-07-08,3307.0,3334.5,3287.60009765625,3330.39990234375,909,3326.05712890625,3340.1833333333334,3209.8655517578127,-0.0075625567316308,0.0068619696158174,0.0101327430983742,46.7885011608799,1.2433089778323847,7.381623968168468,3421.1415164707814,3269.5584591151564,3340.5608311381657
2025-07-09,3311.60009765625,3314.0,3282.0,3289.39990234375,114,3328.5142996651784,3340.6,3215.141107855902,0.0013910183417751,0.006525187099971,0.0095028971416568,47.53040878406684,-0.3118215645395139,5.842934861626873,3421.381668314913,3268.388326802274,3315.5767617225647
2025-07-10,3317.39990234375,3330.5,3311.60009765625,3323.60009765625,209,3325.757149832589,3341.3933268229166,3219.8877739800346,0.0017513602235985,0.0039372719039747,0.009500608937648,48.50525972224087,-1.0640126803341443,4.461545353234669,3421.445606679328,3267.934373789421,3320.316696424037
2025-07-11,3356.0,3370.0,3330.5,3330.5,776,3326.9000069754466,3342.689990234375,3224.847772894965,0.0116356480353723,0.0060658541707372,0.0096469354623565,54.55671673959721,1.437999365969972,3.85683615578173,3418.6020062449825,3268.287983989392,3326.317635512096
2025-07-14,3351.5,3375.5,3350.0,3367.0,583,3329.742850167411,3344.77666015625,3229.694439019097,-0.0013408820023838,0.0056895343308804,0.0095057922631356,53.76349723292182,3.022903398077688,3.690049604240922,3403.161219350613,3275.7587757665747,3364.9130787849426
2025-07-15,3329.800048828125,3341.0,3329.800048828125,3341.0,210,3329.3571428571427,3343.4166585286457,3234.285549587674,-0.0064746982461211,0.0063409056847826,0.0084173337061334,49.989069306623854,2.499138048860459,3.4518672931648293,3394.299779022133,3277.960230743492,3360.4934188127518
2025-07-16,3352.5,3352.89990234375,3329.5,3341.199951171875,10,3332.257149832589,3343.4933268229165,3239.261105685764,0.0068172114958866,0.0068587541984476,0.0084457316074518,53.65447681084948,3.871122691545224,3.5357183728409085,3388.427256915183,3280.4227430848173,3338.901160182897
2025-07-17,3340.10009765625,3340.800048828125,3313.800048828125,3313.800048828125,667,3336.985735212053,3342.379996744792,3244.2511067708333,-0.0036987031599552,0.0061879858031327,0.0083693426387085,51.4367459543163,3.912758077149192,3.611126313702565,3379.738590711425,3284.141414171388,3361.6052064299583
2025-07-18,3353.0,3353.0,3338.199951171875,3338.199951171875,602,3342.9000069754466,3342.4566650390625,3249.141107855902,0.0038621304651325,0.0062548422626606,0.0083110507818347,53.58608022297441,4.929840596686063,3.874869170299265,3377.1155877285314,3285.254407388656,3349.300634021347
2025-07-21,3401.89990234375,3411.699951171875,3350.300048828125,3350.300048828125,53,3354.971435546875,3345.0966634114584,3254.283327907986,0.0145839255424247,0.0079037488945482,0.0085618840874396,60.688717671455,9.571366511532233,5.01416863854586,3384.0782042553315,3280.711785979044,3362.230873823166
2025-07-22,3439.199951171875,3441.0,3395.60009765625,3411.0,39,3366.8571428571427,3348.6666585286457,3259.337771267361,0.0109644757044224,0.0077936982567485,0.0087543531787384,65.0785664053059,16.074316732968782,7.226198257430444,3407.472610606036,3269.497384511152,3411.021670163085
2025-07-23,3394.10009765625,3433.89990234375,3388.10009765625,3430.300048828125,63,3372.94287109375,3351.1066650390626,3263.7777723524305,-0.0131134723644833,0.0099828401693392,0.0090996746016246,56.81702225602123,17.388328543582247,9.258624314660803,3414.684743176549,3268.9852519406386,3448.223711839353
2025-07-24,3371.0,3371.0,3367.0,3367.0,1175,3378.8285784040177,3352.763330078125,3267.8999945746527,-0.006805956510299,0.0100295482544428,0.009203918958478,53.09883217360724,16.376924553182107,10.682284362365069,3417.529019316009,3269.8909758011782,3403.124075708154
2025-07-25,3334.0,3345.0,3326.5,3344.0,67,3376.185721261161,3351.2,3271.2211046006946,-0.0109759715218036,0.0107736153995466,0.0088244235438789,47.712892815246114,12.446315448985844,11.03509057968922,3413.444281364824,3280.005718635176,3379.9927003383636
2025-07-28,3309.10009765625,3326.800048828125,3309.10009765625,3326.60009765625,533,3371.757149832589,3347.1300048828125,3274.256662326389,-0.0074684770077234,0.0110371281988567,0.008421869081679,44.44561535819293,7.238623052761341,10.275797074303648,3412.150387989472,3282.769631541778,3343.0307173728943
2025-07-29,3323.39990234375,3323.39990234375,3323.39990234375,3323.39990234375,113144,3367.528564453125,3344.696671549479,3277.405550130208,0.004321357549029,0.011074083060382,0.0083038583917595,46.70282353606328,4.216755901984925,9.063988839839904,3412.183829789517,3281.4061848589204,3318.169877701439
2025-07-30,3295.800048828125,3331.800048828125,3263.89990234375,3325.800048828125,19252,3352.3714425223216,3341.6700032552085,3280.4899956597224,-0.0083047043168535,0.008772110856459,0.0084114998396963,43.0657919992732,-0.400555746189184,7.171079922634085,3413.2375731598167,3275.1324463714336,3332.998554805992
2025-07-31,3293.199951171875,3312.0,3272.89990234375,3272.89990234375,3704,3331.5142996651784,3338.45,3283.6022162543404,-0.0007889124393861,0.0060136080209511,0.0084045447643466,42.72820466793615,-4.22095806709558,4.892672324688153,3414.66479550886,3269.8652093739524,3305.5087531812896
2025-08-01,3347.699951171875,3360.60009765625,3281.0,3286.199951171875,3420,3324.885707310268,3337.769995117188,3287.2022162543403,0.0165492532515696,0.0096503911567328,0.008918093041182,51.33871346331136,-2.8184703348474613,3.3504437927810304,3415.3178511684127,3270.7321488315874,3303.0022818542493
2025-08-04,3374.39990234375,3386.5,3347.39990234375,3367.60009765625,351,3325.371407645089,3337.6599934895835,3291.1299940321182,0.0079756105867638,0.0100146426736789,0.0090262667670128,54.91489648255123,0.4423747948394521,2.768829993192715,3418.4963534229646,3271.7736416942225,3357.3332692529366
2025-08-05,3381.89990234375,3387.199951171875,3351.199951171875,3378.5,915,3332.214250837053,3339.809993489583,3294.704437934028,0.0022226174185195,0.0087216902756293,0.0083774226667947,55.895414049181966,3.5904172777013628,2.9331474500944448,3421.717240135864,3276.0427452156982,3383.885993301519
2025-08-06,3380.0,3383.300048828125,3361.300048828125,3380.699951171875,1492,3342.3428083147323,3341.5733235677085,3297.9655490451387,-0.0005617855047789,0.0078049489475589,0.0083693376057369,55.5657404933613,5.864356730839063,3.5193893062433688,3424.2319835097105,3280.367992076227,3391.3288653988857
2025-08-07,3400.300048828125,3422.89990234375,3384.89990234375,3384.89990234375,5464,3353.328543526786,3343.7999918619794,3301.048882378472,0.0060059316059541,0.0078760038418854,0.0084252768995139,58.38970489685778,9.19848006382199,4.655207457759094,3429.401733283893,3283.4882569504816,3389.4204425811768
2025-08-08,3439.10009765625,3477.0,3402.5,3438.800048828125,7657,3373.799979073661,3349.313330078125,3304.6066623263887,0.0114107720703933,0.0064263353207446,0.0078727046133007,63.20330450205975,14.801019560979968,6.684369878403269,3441.963154883756,3279.236845116244,3409.6887042201706
2025-08-11,3353.10009765625,3383.89990234375,3349.199951171875,3383.89990234375,1488,3382.3571428571427,3351.2700032552084,3306.975553385417,-0.0250065416992686,0.0134471000196487,0.0092007072488757,49.52716558046567,12.161402134981016,7.779776329718819,3442.0103502438537,3279.349659521772,3448.5159401825513
2025-08-12,3348.89990234375,3356.199951171875,3330.10009765625,3356.199951171875,1611,3382.528564453125,3351.6766682942707,3309.7744411892363,-0.0012526304584333,0.0119857490622741,0.0089110062798688,48.96984108568068,9.6196760112216,8.147756266019375,3441.93454213066,3281.335452986528,3362.4711492883507
2025-08-13,3358.699951171875,3363.39990234375,3358.699951171875,3358.800048828125,1011,3380.285714285714,3352.0333333333333,3313.626662868924,0.0029263486858075,0.0115787557633021,0.0089056545375629,50.37306050649647,8.300439484466096,8.17829290970872,3442.148896069169,3281.7410941652056,3358.0951361001353
2025-08-14,3335.199951171875,3356.0,3328.89990234375,3346.800048828125,592,3373.6142926897323,3352.153328450521,3317.89221733941,-0.0069967547984751,0.0117265281549849,0.008954734437048,47.03320594803319,5.297613835476113,7.602157094862198,3442.198715606961,3281.201259978977,3367.8219963297306
2025-08-15,3336.0,3346.800048828125,3335.89990234375,3346.800048828125,1185,3367.3285784040177,3352.269995117188,3321.9766628689235,0.0002398803189727,0.0117459584600574,0.0089547134078935,47.16164934534346,2.948422548790404,6.67141018564784,3442.054144685725,3279.645830900213,3344.320195159904
2025-08-18,3331.699951171875,3347.800048828125,3331.699951171875,3333.5,646,3357.528564453125,3352.2533284505207,3325.0344401041666,-0.0012889834616681,0.0112500327130194,0.0089581448418191,46.50884175076331,0.731263969812062,5.483380942480685,3437.2008729949293,3277.4791074738205,3345.075505256653
2025-08-19,3313.39990234375,3343.5,3313.39990234375,3330.199951171875,1655,3339.571393694197,3352.466658528646,3326.79221733941,-0.0054927061549129,0.0093281739240524,0.0089054359416344,43.73435602891036,-2.473992532426564,3.891906247499236,3423.61333733165,3278.4866382542878,3340.7788506965444
2025-08-20,3343.39990234375,3343.5,3310.10009765625,3310.60009765625,1213,3338.185651506697,3353.526652018229,3328.138883463542,0.0090541440466571,0.0053514011536092,0.0090523483091439,49.09549291455343,-2.56387734150303,2.600749529698783,3418.377535723534,3278.6524203311533,3322.5652050178032
2025-08-21,3336.89990234375,3349.39990234375,3326.5,3349.39990234375,142,3336.471365792411,3354.176652018229,3329.6066596137152,-0.001944128788017,0.0053760564310013,0.0090578804472343,48.02771168413044,-3.123600455833639,1.4558795325922986,3416.056023972408,3277.5639223166545,3352.6880454211496
2025-08-22,3374.39990234375,3377.699951171875,3349.39990234375,3349.39990234375,1240,3338.7142159598216,3354.7899820963544,3331.3366590711807,0.0112379756952436,0.00694728134964,0.0090408961273454,54.21457475826176,-0.5350803835190163,1.0576875493700355,3418.816508327748,3278.84342819569,3346.335866282403
2025-08-25,3373.800048828125,3378.0,3366.0,3366.0,1044,3344.228515625,3355.533317057292,3331.86110297309,-0.0001777659829851,0.0061189943525159,0.0090364562090463,54.10362569001114,1.4512086278286915,1.136391765061767,3420.3676994012644,3283.7622322393604,3383.814793314261
2025-08-26,3388.60009765625,3396.5,3371.10009765625,3378.89990234375,905,3351.7428152901784,3357.493318684896,3332.7488823784724,0.0043867593259612,0.0061590637657297,0.008974669742314,56.47059670960687,4.171510652890447,1.743415542627503,3424.0663660197465,3286.5835851521283,3383.27279002071
2025-08-27,3404.60009765625,3404.60009765625,3382.0,3397.0,3222,3362.1571219308034,3359.229988606771,3332.731106228299,0.0047217138461002,0.0059997876749337,0.0089328525196351,58.936157233620754,7.531616106681213,2.9010556554382454,3426.9765208460058,3294.553435208681,3398.070766602701
2025-08-28,3431.800048828125,3434.60009765625,3400.0,3409.0,1035,3379.0714285714284,3362.286653645833,3333.0755506727432,0.0079891765234336,0.0048262656810401,0.0089956877470588,62.794275571129056,12.248143651348528,4.770473254620303,3433.178249609845,3302.211716210468,3414.0801745749777
2025-08-29,3473.699951171875,3475.60009765625,3426.60009765625,3432.5,0,3397.685721261161,3366.3099853515623,3335.268882921007,0.0122093075784115,0.0053794584760257,0.0092155129672488,67.81132745736235,19.1462911322692,7.645636830150082,3453.3470378177203,3294.642928002592,3441.2826344170317
2025-09-02,3549.39990234375,3559.199951171875,3485.699951171875,3485.699951171875,658,3428.0428641183034,3371.2266520182293,3337.684437391493,0.021792311436207,0.0071144146102501,0.0096592430826375,74.501297602079,30.371373826105355,12.190784229341135,3492.9440889791463,3272.545876841166,3483.094990788959
2025-09-03,3593.199951171875,3593.699951171875,3553.199951171875,3554.800048828125,72,3459.3000139508927,3376.3599853515625,3341.137771267361,0.0123401279183004,0.007187123176655,0.0097090514648714,77.42487714264828,42.313862751143006,18.215399933701512,3536.681815824052,3249.938154879073,3558.5460954057053
2025-09-04,3565.800048828125,3573.60009765625,3549.89990234375,3549.89990234375,237,3486.728585379464,3382.083317057292,3343.729994032118,-0.0076254877869554,0.0090805335953914,0.0094729140766782,71.8732152253769,49.00255716070342,24.372831379101896,3564.2335191198717,3240.9664564660666,3602.1368956305087
2025-09-05,3613.199951171875,3613.199951171875,3567.800048828125,3567.800048828125,925,3518.814278738839,3390.1566487630207,3347.00110405816,0.0132929221197715,0.0091180973777852,0.0095616656203634,75.18774441014467,57.465742344781575,30.991413572237832,3599.098542833596,3227.391422986716,3574.625061847415
2025-09-08,3638.10009765625,3641.0,3590.0,3594.5,97,3552.1714215959823,3400.293318684896,3350.7022162543403,0.0068914388411576,0.0089744234514896,0.0092538764445897,76.73851759827936,65.42789920462428,37.878710698715125,3633.251648764884,3213.138317055429,3621.7748642716324
2025-09-09,3643.300048828125,3670.39990234375,3627.800048828125,3647.10009765625,535,3582.385707310268,3411.433317057292,3355.5166612413195,0.0014293040412012,0.0094927899070421,0.0090485801974944,77.06095061082556,71.33525012328755,44.57001858362961,3665.714261363633,3209.6956995738665,3646.483862040972
2025-09-10,3643.60009765625,3655.39990234375,3620.800048828125,3625.0,136,3606.657156808036,3422.106656901042,3360.091107855903,8.235633192543723e-05,0.0098288918349326,0.0090643874470932,77.08069214790507,75.17451470826381,50.69091780855645,3693.315563091405,3211.5644173773444,3651.504263153358
2025-09-11,3636.89990234375,3636.89990234375,3618.39990234375,3632.89990234375,307,3619.157156808036,3433.4766520182293,3363.7088840060765,-0.0018388942619718,0.0076789609465609,0.0088581258856083,75.51777856753432,76.791307395687,55.91099572598256,3715.939134835211,3216.760840750727,3651.608226656972
2025-09-12,3649.39990234375,3656.800048828125,3643.0,3655.5,1300,3627.185721261161,3445.3499837239583,3366.3533284505206,0.0034369931358144,0.0066396991221564,0.0088239662370507,76.476088797225,78.18006169613864,60.36480892001378,3736.164125519282,3227.9558451838425,3644.792287566932
2025-09-15,3682.199951171875,3686.39990234375,3635.10009765625,3640.0,210,3643.814278738839,3456.4999837239584,3369.6955512152776,0.0089877924332326,0.0053749994156948,0.008540848292253,78.818976171038,80.99370429735563,64.49058799548216,3758.435355563456,3240.304610256856,3657.218918853381
2025-09-16,3688.89990234375,3698.60009765625,3681.39990234375,3681.39990234375,373,3654.6285574776784,3466.9833170572915,3374.054437934028,0.0018195511543968,0.0038072467827885,0.0084963609348189,79.27308339560874,82.80958900093856,68.15438819657344,3776.8462731398736,3257.6136877976264,3689.9882843176892
2025-09-17,3681.800048828125,3685.199951171875,3661.60009765625,3669.0,183,3660.871407645089,3476.979988606771,3377.903328450521,-0.0019246533393638,0.00375264499969,0.0085432198292148,77.37986011208372,82.7222215908082,71.0679548754204,3786.948125611923,3284.3518499740144,3696.6918527328526
2025-09-18,3643.699951171875,3667.39990234375,3637.0,3654.60009765625,80,3660.928536551339,3485.769986979167,3382.611105685764,-0.0103482256371789,0.0059171485444423,0.0088598132230365,67.99525359909373,78.67174393119467,72.58871268657526,3789.8132553842656,3311.5167250844847,3689.552423746878
2025-09-19,3671.5,3685.89990234375,3658.199951171875,3659.0,211,3664.914236886161,3494.8099853515623,3387.40221625434,0.0076296207702788,0.0065787467498064,0.0088866016782545,70.77992296603753,76.81941639577917,73.43485342841605,3790.673829374984,3344.116160859391,3651.327797751728
2025-09-22,3740.699951171875,3748.199951171875,3688.0,3688.199951171875,410,3679.7428152901775,3504.863313802083,3393.6166612413194,0.0188478690376889,0.0091699424922094,0.009237681297871,76.30626423623073,80.01295170914136,74.75047308456112,3802.6643267652335,3368.7556683519542,3679.072248160839
2025-09-23,3780.60009765625,3786.0,3740.0,3747.0,627,3698.4857003348216,3519.113313802083,3399.837773980035,0.0106664921017991,0.0094891021421205,0.0076959298828833,78.79638104819925,84.78609844959874,76.75759815756865,3815.882273764695,3396.2177262353057,3748.12640583358
2025-09-24,3732.10009765625,3772.5,3732.10009765625,3769.800048828125,588,3705.614292689732,3531.886653645833,3405.9499972873264,-0.0128286512054176,0.0113904325686056,0.0082411539917946,69.26700392236208,83.69057411862286,78.1441933497795,3814.4591340640577,3431.990865935942,3787.9322537170374
2025-09-25,3736.89990234375,3756.0,3724.699951171875,3742.800048828125,1899,3712.471435546875,3544.493318684896,3411.594441731771,0.0012860868041868,0.0113934714250419,0.0082515587205352,69.65808583326205,82.26140900112159,78.96763648004793,3808.633620235289,3471.0463602334607,3739.328849123325
2025-09-26,3775.300048828125,3775.300048828125,3775.300048828125,3775.300048828125,19308,3725.8285784040177,3559.163321940104,3417.094441731771,0.0102759366019653,0.0116406693101875,0.0080879513487969,72.6559979963246,83.26750033515327,79.82760925106899,3806.430950157224,3507.5990303115263,3744.0626656448585
2025-09-29,3820.89990234375,3827.60009765625,3754.800048828125,3754.800048828125,8860,3751.142857142857,3575.326652018229,3422.778884548611,0.0120784713601187,0.0101357673183086,0.0081778127070331,75.72345232401472,86.74442630083922,81.21097266102304,3814.982324702714,3533.7676508832237,3782.4594575377414
2025-09-30,3840.800048828125,3865.5,3793.39990234375,3827.5,1611,3775.3285784040177,3592.2966552734374,3428.873328993056,0.0052082354924209,0.0101460723145667,0.0081030933579926,76.93926504027206,90.06744919805533,82.9822679684295,3835.016855961918,3542.873134272457,3828.103880984243
2025-10-01,3867.5,3891.89990234375,3853.300048828125,3863.5,1778,3793.44287109375,3610.7666585286456,3434.472216796875,0.0069516639326281,0.0086148204751029,0.0078742253958267,78.4954091596851,93.77445812328232,85.14070599940007,3861.1766800512983,3544.1433150658886,3847.990725131851
2025-10-02,3839.699951171875,3888.60009765625,3823.699951171875,3856.199951171875,3418,3801.885707310268,3627.309993489583,3440.478881835937,-0.0071881186368778,0.0092127093489834,0.0081533560112409,72.97382664006675,93.39248733911336,86.79106226734274,3872.5189697236856,3560.1910156278773,3874.71945554018
2025-10-03,3880.800048828125,3886.800048828125,3853.699951171875,3855.199951171875,392,3823.1285574776784,3645.439998372396,3447.0033257378477,0.0107039868163933,0.0067578352654303,0.0081272592649569,75.69579294243394,95.30756089857778,88.49436199358976,3893.903607182409,3565.566387934779,3846.8675124091387
2025-10-06,3948.5,3960.0,3926.800048828125,3931.300048828125,1267,3853.357142857143,3664.576668294271,3454.018880208333,0.0174448439291063,0.0077229416980404,0.0083650126576978,79.37980569253097,101.12241451131604,91.01997249713502,3929.32043124229,3561.189554109272,3888.067000289797
2025-10-07,3976.60009765625,3981.5,3940.0,3959.39990234375,2903,3882.114292689732,3684.670003255209,3461.6599934895835,0.0071166512995441,0.0076546679010489,0.0083065688164185,80.68827881983214,106.76742254502732,94.16946250671349,3965.375999830447,3558.4639904039286,3955.7623975872993
2025-10-08,4043.300048828125,4049.199951171875,3987.199951171875,3987.199951171875,2179,3913.8857421875,3706.493334960937,3469.134437391493,0.0167731100774219,0.0083035178890909,0.0085520982341506,83.38360447876751,115.29422069859676,98.39441414509017,4011.7566244786767,3552.0533608728856,3983.7420998896705
2025-10-09,3946.300048828125,4046.199951171875,3940.0,4011.199951171875,3130,3928.957170758928,3724.55,3475.757771809896,-0.0239903046592135,0.0148094088294954,0.0101504453893196,68.42655754093587,112.9229745716375,101.30012623039964,4027.7536877925872,3566.9963122074128,4050.3285571708693
2025-10-10,3975.89990234375,4012.0,3945.5,3957.0,1697,3944.44287109375,3742.686661783854,3482.45110405816,0.0075006596430533,0.0148292520365013,0.0101458483318891,70.18413745343294,112.13953102530512,103.46800718938071,4046.085928005823,3581.3140719941766,3952.9383659349696
2025-10-13,4108.60009765625,4111.0,4016.0,4016.0,1697,3982.857177734375,3763.85,3490.872216796875,0.0333761408918455,0.017406782357261,0.0113333298551245,76.49994292711264,120.8335491717644,106.94111558585746,4092.157732360981,3577.8822822874563,3982.285148082301
2025-10-14,4138.7001953125,4160.10009765625,4085.800048828125,4131.7001953125,2424,4019.700055803572,3783.493343098958,3499.9388861762154,0.0073261200751615,0.0174258575505104,0.0109242056622964,77.65611147199051,128.66922873861404,111.28673821640878,4137.279071191744,3577.7409727535687,4114.769408086548
2025-10-15,4176.89990234375,4210.60009765625,4145.0,4145.0,3287,4052.32861328125,3802.9500081380206,3509.3255506727432,0.0092298802108243,0.0170637939597004,0.0108686328633501,79.06386174761292,136.38924800586256,116.30724017429957,4182.342775329968,3582.187253966907,4144.521979129873
2025-10-16,4280.2001953125,4307.0,4196.60009765625,4198.7998046875,4705,4095.700055803572,3826.7633463541674,3519.9844428168403,0.0247313307438337,0.0181437100831426,0.0111650284664532,82.30970879853871,149.1238819363325,122.87056852670614,4240.101009105213,3588.079044605724,4182.476665366441
2025-10-17,4189.89990234375,4358.0,4182.2001953125,4354.7001953125,4060,4116.64289202009,3845.986678059896,3529.635552300347,-0.0210972124779684,0.0213891445257484,0.012131632731897,71.82662150041226,150.1982996001757,128.33611474140005,4267.1797168060375,3612.8403271392754,4285.578120953869
2025-10-20,4336.39990234375,4356.60009765625,4214.60009765625,4244.10009765625,1750,4172.371442522322,3869.2633382161457,3540.252218967014,0.0349650357799837,0.019454760218614,0.0133068444196579,76.95469021917236,161.0150279738391,134.87189738788788,4326.125640565571,3613.464398496929,4194.80774360185
2025-10-21,4087.699951171875,4332.7001953125,4087.699951171875,4332.7001953125,2943,4188.342878069197,3884.076668294271,3547.546663411458,-0.0573517103525108,0.033372773525381,0.017623635509457,57.74062881489584,147.81543127312625,137.46060416493555,4333.933296174009,3636.366728240053,4341.243105254776
2025-10-22,4044.39990234375,4148.5,4006.0,4109.7001953125,1237,4179.171421595982,3897.436661783854,3554.7466634114585,-0.0105927659430363,0.0310810934950034,0.0178121363526383,55.158409165344494,132.3352256179237,136.4355284555332,4330.2642065984455,3671.265798284367,4092.1732899608323
2025-10-23,4125.5,4136.7998046875,4070.699951171875,4078.39990234375,354,4177.285679408482,3913.7233317057294,3562.956662326389,0.0200524427886699,0.0320624411006392,0.0180270633853497,58.86865164514633,125.16828908436946,134.18208058130045,4330.431096286185,3709.958918362253,4048.5876838626573
2025-10-24,4118.39990234375,4120.60009765625,4074.89990234375,4117.5,123,4168.92853655134,3929.356665039063,3571.05221625434,-0.0017210271860986,0.0318026286658,0.0180608304592617,58.41297347403655,117.56035906317402,130.85773627767517,4328.90340495592,3745.79659504408,4129.472251832485
2025-10-27,4001.89990234375,4078.60009765625,3971.300048828125,4060.0,220,4129.171351841518,3940.013330078125,3578.094436306424,-0.0282876852084472,0.0307911837428265,0.0189787992962263,51.38462033421457,100.9665636441382,124.8795017509678,4321.276319225716,3771.523680774284,4122.317695524776
2025-10-28,3966.199951171875,3966.199951171875,3923.60009765625,3929.699951171875,219,4097.214215959822,3949.256665039063,3584.6333251953124,-0.0089207506541997,0.0303442975036781,0.0191018609270081,49.422197049375,83.96725131472567,116.69705166371938,4313.88232464631,3791.4576655880655,4006.059420257632
2025-10-29,3983.699951171875,3983.699951171875,3983.699951171875,3983.699951171875,1344,4046.8285086495534,3959.3199951171873,3592.036659071181,0.0044122838524138,0.0249517745620266,0.019085164409486,50.42175007626874,71.08782141202619,107.57520561338076,4307.86051474102,3809.099470610543,3970.60983025367
2025-10-30,4001.300048828125,4027.199951171875,3913.699951171875,3960.0,935,4034.485665457589,3971.239998372396,3599.527769639757,0.0044180279318155,0.015139208577295,0.0189238848436182,51.46071518702048,61.590978749588885,98.37836024062238,4296.800017436763,3836.319977680425,3988.458864356362
2025-10-31,3982.199951171875,4034.5,3976.60009765625,4034.5,559,4025.5999581473216,3981.5966634114575,3606.735546875,-0.0047734729770749,0.0148055831892743,0.0189614948734747,50.23049617854296,51.92488649447933,89.08766549139378,4289.413415199973,3853.846570151589,4006.6662103592535
2025-11-03,4000.300048828125,4020.0,3959.0,3976.199951171875,0,4007.714250837053,3990.25,3614.808881293403,0.0045452508357657,0.0117882330699699,0.0187246798022182,51.41580532997122,45.203883127647714,80.31090901864457,4287.265013445143,3861.174976789231,3988.275356647384
2025-11-04,3947.699951171875,3995.39990234375,3927.39990234375,3994.199951171875,657,3983.328543526786,3995.8199951171873,3622.0677707248265,-0.0131490380756961,0.0121520199854502,0.0188668846786999,47.849366080104254,35.22697659555524,71.29412253402671,4288.819805082389,3856.730170503549,4006.9643479803053
2025-11-05,3980.300048828125,3983.5,3929.89990234375,3929.89990234375,559,3980.242850167411,4004.093326822917,3629.218882921007,0.0082579978365815,0.0081570706340053,0.0187022456104527,50.15696182211397,29.60944249774184,62.95718652676974,4289.106744528086,3850.143231057851,3954.919934827194
2025-11-06,3979.89990234375,4007.5,3979.89990234375,4004.0,650,3982.1999860491073,4012.193326822917,3636.239992947048,-0.0001005317386795,0.0073220232141889,0.018706600333396,50.12764194131125,24.8388905078491,55.33352732298562,4287.47450217708,3855.135458760421,3987.9293532949814
2025-11-07,3999.39990234375,3999.39990234375,3980.800048828125,3980.800048828125,245,3984.4428362165177,4019.663321940104,3643.6599907769096,0.0048996207137059,0.0073674229395697,0.0186529655484974,51.612100365893184,22.37376982622027,48.74157582363255,4286.810057409045,3858.149903528455,3987.92791917891
2025-11-10,4111.7998046875,4111.7998046875,4060.0,4060.0,189,4000.228515625,4029.3599853515625,3652.31887749566,0.0281041919008602,0.0128330319891796,0.019171045998264,59.15829504861365,29.153809709046985,44.824022600715445,4287.082397820542,3858.197533820084,4007.730904804892
2025-11-11,4106.7998046875,4140.10009765625,4106.7998046875,4140.10009765625,569,4018.028494698661,4038.226643880209,3660.9255425347214,-0.0012160125097286,0.0124950977975836,0.0191771112974198,58.71959965539801,33.73470922169963,42.60615992491228,4283.967393267128,3858.122499310997,4120.207110196352
2025-11-12,4204.39990234375,4204.39990234375,4102.89990234375,4115.60009765625,396,4047.185616629464,4049.456640625,3670.896652560764,0.023765487069725,0.0144684619663691,0.019556247585445,64.28684737253643,44.72505470166425,43.02993888026268,4288.392306658922,3856.4475859192025,4115.4896488825325
2025-11-13,4186.89990234375,4228.7001953125,4163.7001953125,4228.7001953125,167,4081.357038225447,4061.0299723307294,3680.6222059461807,-0.0041623062521347,0.0126430774287228,0.0195097746367189,62.65520022013063,51.430025608170126,44.70995622584417,4269.109386987052,3866.400476294197,4213.087764252094
2025-11-14,4087.60009765625,4197.89990234375,4047.0,4197.7001953125,483,4096.685616629465,4067.923307291667,3689.179985894097,-0.023716784973033,0.0175657548340168,0.0200503131892798,54.24244244433363,48.17575884351663,45.40311674937867,4256.376493292283,3868.903389520217,4195.788683457475
2025-11-17,4068.300048828125,4099.5,4019.39990234375,4070.0,1552,4109.314208984375,4071.916642252604,3697.094430881076,-0.0047216088577723,0.0178277547728808,0.0198663659589627,52.75965829956661,43.5375031089261,45.02999402128816,4196.993469103556,3901.476428357381,4096.636703468685
2025-11-18,4061.300048828125,4063.39990234375,4035.60009765625,4037.39990234375,1375,4118.157087053572,4074.739973958333,3704.9810980902776,-0.0017206203859069,0.0179028906806497,0.0198409449252914,52.20227691705315,38.84898362331887,43.79379194169431,4194.744149755998,3901.085757470565,4077.3095066555834
2025-11-19,4077.699951171875,4122.7001953125,4072.0,4086.10009765625,486,4113.285679408482,4075.886637369792,3713.291097005209,0.0040380917801141,0.014018461832974,0.0196245591153795,53.44324633659222,36.04117300391636,42.24326815413872,4196.96612231945,3902.1937897899247,4070.3032035479555
2025-11-20,4056.5,4090.39990234375,4040.199951171875,4045.0,202,4106.099993024553,4079.5599690755207,3721.113319227431,-0.005198997333235,0.0141042974032114,0.0191100587028484,51.57899265735389,31.739431564702954,40.14250083625157,4189.419449016781,3902.8404630925943,4086.7302255622053
2025-11-21,4076.699951171875,4085.199951171875,4031.800048828125,4031.800048828125,171,4087.857142857143,4082.919970703125,3729.297762044271,0.0049796502334216,0.0094893113396658,0.0190864541355527,53.25228828974848,29.618810512765776,38.03776277155441,4184.247689664301,3903.842227327887,4065.634200632572
2025-11-24,4091.89990234375,4091.89990234375,4060.5,4060.5,591,4074.285714285714,4082.3632975260416,3737.507760959201,0.0037284939666717,0.0099727343771799,0.0180947251796775,54.52573593071363,28.832350687919188,36.196680354827365,4188.825334192555,3908.2645827996334,4085.9053938955185
2025-11-25,4139.2001953125,4139.2001953125,4139.2001953125,4139.2001953125,132704,4081.657156808036,4082.379964192709,3745.699986436632,0.0115594941463883,0.0060276801048055,0.0181699843737345,58.32983868271961,31.660847407407346,35.289513765343365,4197.4334365640125,3916.956504842237,4101.217714301893
2025-11-26,4165.2001953125,4171.0,4127.5,4128.60009765625,25088,4095.500034877232,4081.989973958333,3753.766655815972,0.006281406738781,0.0054474950626836,0.0181271862461199,60.29598220668552,35.5901727869782,35.349645569670336,4209.762582197328,3922.777383622985,4149.59826919029
2025-11-28,4218.2998046875,4223.89990234375,4140.0,4163.39990234375,3615,4117.928571428572,4079.926627604167,3762.9244303385417,0.0127483930867855,0.0059141512856814,0.0176917595679205,64.0288843467129,42.49898432753207,36.77951332124269,4231.708560142203,3922.531381264048,4175.5568296520505
2025-12-01,4239.2998046875,4262.10009765625,4214.89990234375,4218.5,913,4141.014264787947,4081.573291015625,3772.572205946181,0.0049783090278847,0.0058874081874843,0.0172719812223077,65.41381325918609,49.10276562765239,39.24416378252463,4253.36139588376,3926.588530874052,4228.585313821444
2025-12-02,4186.60009765625,4230.5,4167.0,4230.5,366,4159.599993024553,4076.579964192708,3782.0455403645833,-0.0124312290848075,0.0082537817972101,0.016145133762326,59.24889376426616,49.51312744573579,41.29795651516686,4262.406533034113,3936.173398606512,4249.533424025169
2025-12-03,4199.2998046875,4234.10009765625,4195.7001953125,4215.7001953125,1897,4177.1142578125,4080.299959309896,3791.936648220486,0.0030334177459079,0.008269630590129,0.0121537812798959,60.22180495901436,50.28346587042233,43.09505838621796,4264.770176620689,3958.969740371499,4196.832269096631
2025-12-04,4211.7998046875,4211.7998046875,4175.0,4211.0,616,4194.242815290178,4085.879956054688,3801.807758246528,0.0029766867290701,0.008282725053901,0.0119595848758814,61.20361187586016,51.31112741830657,44.73827219263568,4269.655828028006,3977.23406455012,4209.551000285195
2025-12-05,4212.89990234375,4255.7001953125,4194.5,4204.10009765625,533,4204.771344866072,4088.7932861328127,3811.997756618924,0.0002611941942316,0.007680265981218,0.0114306227878283,61.29415666438762,51.61929023987341,46.11447580208323,4270.42466897841,3999.765223599714,4222.085029482725
2025-12-08,4187.2001953125,4215.7998046875,4175.5,4205.5,318,4207.914202008928,4091.086629231771,3821.9310926649305,-0.006100241550233,0.0080923318331796,0.0114912305132833,57.8948251061379,49.22235524869484,46.73605169140556,4266.229803734553,4022.740118140447,4223.247075162886
2025-12-09,4206.7001953125,4219.7001953125,4177.7001953125,4190.7001953125,660,4206.257114955357,4097.913305664062,3831.4755398220486,0.0046570498400888,0.0065238837129845,0.0101269738492265,59.72020324412258,48.339031762743616,47.05664770567317,4272.891733230552,4025.568227706948,4197.625009069336
2025-12-10,4196.39990234375,4234.5,4183.60009765625,4209.0,692,4200.128557477678,4105.586637369792,3840.608873155382,-0.0024485445813865,0.0060982057746907,0.009960160497604,58.282868457702506,46.27442125330617,46.90020241519977,4277.390556435683,4030.029414267443,4217.198130355915
2025-12-11,4285.5,4286.89990234375,4214.2998046875,4224.0,528,4214.257114955357,4115.646638997396,3850.6488742404513,0.0212325087526779,0.008700567406649,0.0105600535794823,65.92315036657067,51.23720518283972,47.76760296872776,4292.638781092968,4022.8911993757815,4207.030211678124
2025-12-12,4300.10009765625,4355.0,4260.0,4276.39990234375,1531,4228.657156808035,4125.606640625,3860.872208658854,0.0034068597961147,0.0086992818915118,0.0105553029971327,66.98999885906724,55.70620659100314,49.35532369318283,4311.563059115862,4015.286940884138,4296.055625081062
2025-12-15,4306.7001953125,4349.2001953125,4292.89990234375,4308.2998046875,854,4242.21435546875,4136.423315429687,3870.9433213975694,0.0015348707021605,0.0087287264364227,0.0104687718088809,67.48556183033875,59.0992359222173,51.30410613898973,4330.650632916247,4018.109376849379,4310.691171660146
2025-12-16,4304.5,4321.39990234375,4270.5,4270.5,1796,4255.300083705357,4146.563313802083,3880.558875868056,-0.0005108772871849,0.0087770967482635,0.0104781935213518,67.123797797603,60.90858251379814,53.22500141395142,4344.298371059814,4028.0816338229993,4317.318306617672
2025-12-17,4347.5,4351.39990234375,4308.5,4308.5,2169,4278.200055803572,4159.889982096354,3891.607763671875,0.0099895458241374,0.0080387981598879,0.0101325509776605,70.45699556324723,65.06224628197378,55.5924503875559,4362.561207777899,4038.4387922221017,4315.139882981777
2025-12-18,4339.5,4348.10009765625,4328.2001953125,4331.0,705,4297.171456473215,4171.863313802083,3902.614431423611,-0.0018401380103507,0.0085018114658637,0.0101288715255497,69.05425898107475,66.93691451878385,57.8613432138015,4376.152827257933,4051.027177624879,4358.129043281078
2025-12-19,4361.39990234375,4361.39990234375,4350.10009765625,4350.10009765625,1065,4320.742885044643,4184.57998046875,3913.7555419921873,0.0050466418582209,0.0079369042157655,0.0101192939701848,70.76987297656115,69.3898586004716,60.16704629113552,4386.730950756439,4070.939044360748,4350.157076776028
2025-12-22,4444.60009765625,4447.60009765625,4371.10009765625,4371.10009765625,449,4343.471470424107,4199.419986979166,3926.082210286458,0.019076488553088,0.0072380158441313,0.0105287246340153,76.17411292816881,77.15796588483772,63.56523020987596,4415.335709945539,4079.124299820087,4372.047331404698
2025-12-23,4482.7998046875,4503.7998046875,4450.39990234375,4503.2998046875,694,4369.571428571428,4211.786653645833,3938.824430338542,0.0085946330810264,0.0072840809977469,0.0095153254985165,78.16975605048896,85.41206684363078,67.93459753662694,4448.446788407438,4085.103211592561,4455.185193628189
2025-12-24,4480.60009765625,4503.39990234375,4468.39990234375,4500.7001953125,500,4394.414271763393,4224.246663411458,3951.5899875217015,-0.0004906993680489,0.0075265053242593,0.0095053508845055,77.76582052198108,90.73012296733032,72.49370262276761,4478.082653899629,4089.607336334747,4493.350828092545
2025-12-26,4529.10009765625,4556.2998046875,4502.0,4512.0,263,4426.5,4235.070003255209,3965.097767469618,0.010824442919012,0.0071801856946964,0.008795335485684,80.1957480383868,97.73167550906328,77.54129720002675,4515.625411226015,4088.454569242736,4491.106418123352
2025-12-29,4325.10009765625,4379.0,4325.10009765625,4371.5,2044,4423.300013950893,4239.676676432292,3976.005547417535,-0.0450420603654945,0.0208595904157416,0.0123248946260176,53.640999807852566,85.82996681088662,79.19903112219873,4517.638272283099,4097.121737482526,4539.541972623905
2025-12-30,4370.10009765625,4403.60009765625,4338.0,4346.39990234375,1837,4427.671456473215,4249.093343098958,3987.4855495876736,0.0104043834787512,0.0212429723892269,0.011496852636677,57.02170324710184,79.1168905737295,79.1826030125049,4523.436680251914,4104.403358810585,4335.578991697403
2025-12-31,4325.60009765625,4363.7998046875,4285.0,4333.5,785,4422.557198660715,4257.670011393229,3998.0544406467016,-0.0101828331172244,0.0215610830998264,0.0116539462845639,52.91244860422052,69.40588337283862,77.22725908457164,4522.089386052686,4119.650653009815,4380.316576125042
2026-01-02,4314.39990234375,4350.60009765625,4314.39990234375,4350.60009765625,589,4403.957170758928,4266.106673177083,4008.505550130208,-0.0025892812695673,0.0196758121720985,0.0116648734337743,51.89870149375938,60.11313128598158,73.80443352485364,4520.039765823129,4133.210283004997,4335.75946773577
2026-01-05,4436.89990234375,4443.5,4384.7998046875,4386.7001953125,618,4397.400041852678,4278.080004882812,4020.153325737848,0.0283932882377113,0.0229501306751696,0.0126144421149165,60.75498390861952,61.91951490698102,71.42744980127912,4529.4464803735655,4146.313578220185,4324.542224654462
2026-01-06,4482.2001953125,4482.2001953125,4449.0,4449.7001953125,459,4397.628627232143,4292.270011393229,4032.12666015625,0.0102098974432172,0.0233610808318857,0.0125871545496728,63.43599161301144,66.2428358165871,70.39052700434073,4543.735621514223,4158.954466376403,4446.972119908372
2026-01-07,4449.2998046875,4450.0,4449.2998046875,4450.0,972,4386.228585379465,4304.690006510416,4043.432212999132,-0.0073402322947125,0.0230017641734249,0.0127342691570627,60.21842413401041,66.25061635611837,69.56254487469626,4545.716383810469,4183.1836650176565,4492.29670416005
2026-01-08,4449.7001953125,4461.2998046875,4418.0,4460.2001953125,2423,4404.028599330357,4316.616682942708,4054.27666015625,8.998958096251286e-05,0.0133099789296378,0.0127444019291289,60.244851436794,65.53365943431345,68.75676778661969,4546.139163435572,4207.060885392552,4459.473366207327
2026-01-09,4490.2998046875,4490.2998046875,4473.0,4473.0,237,4421.199986049107,4328.320003255209,4064.731103515625,0.0091241224336349,0.0132180430006471,0.0126948522532298,62.93373688228297,67.46383399632577,68.49818102856091,4546.120273744483,4236.4697653180165,4459.990309487446
2026-01-12,4604.2998046875,4620.0,4577.7998046875,4579.10009765625,156,4461.014229910715,4342.956656901041,4075.965546332465,0.0253880598086109,0.0137042538325278,0.013338682477287,69.22748780710805,77.30127749652002,70.25880032215272,4579.833435760396,4234.636583770855,4500.733588670846
2026-01-13,4589.2001953125,4617.10009765625,4578.60009765625,4578.60009765625,239,4500.271414620535,4355.320003255209,4087.3366590711807,-0.003279458335799,0.0138039815556571,0.013273535379139,67.59043925300053,82.9232227673674,72.79168481119567,4604.121141002765,4239.25888829411,4614.811864597723
2026-01-14,4626.2998046875,4635.0,4608.2001953125,4610.2998046875,1313,4527.328543526785,4368.220003255208,4098.593324110243,0.0080841122191388,0.0108528891019494,0.0133023934778489,69.49891475203361,89.34239975002674,76.10182779896188,4632.575557596982,4242.764432637393,4599.82056801219
2026-01-15,4616.2998046875,4616.2998046875,4612.89990234375,4612.89990234375,4358,4546.485630580357,4382.543326822916,4109.462209743923,-0.0021615546813174,0.0110657999576404,0.0130206865468466,68.33090633745073,92.55580166236724,79.39262257164296,4652.88678554897,4253.6331851541545,4636.9249634786975
2026-01-16,4588.39990234375,4608.0,4588.39990234375,4608.0,352,4566.357073102678,4395.513330078125,4119.963319227431,-0.0060437804137893,0.0108477529288788,0.0131331522946326,65.04633897530161,91.79302403734982,81.87270286478434,4667.012829250551,4263.597131686949,4626.944920470938
2026-01-20,4759.60009765625,4764.0,4661.7998046875,4662.2001953125,175,4610.628487723215,4413.77333984375,4132.36331922743,0.0373115244870114,0.0161680992174345,0.014547187639688,73.47270345180189,103.80632752943256,86.259427797714,4716.696095865207,4255.9238748379175,4599.030456555134
2026-01-21,4831.7998046875,4872.2998046875,4771.5,4863.5,1706,4659.414202008928,4434.403336588542,4145.639984809028,0.0151692800970406,0.0162885545639343,0.0146626426114119,76.09048933221521,117.79500259233828,92.56654275663884,4777.443762852817,4242.216198084684,4770.089409709617
2026-01-22,4908.7998046875,4908.7998046875,4791.89990234375,4791.89990234375,1175,4702.914202008928,4458.456656901041,4159.633317057292,0.0159360907141268,0.0152186871874611,0.0146557511476602,78.52450960711215,133.55484769755003,100.76420374482107,4849.973270234519,4216.106661406106,4842.136042534723
2026-01-23,4976.2001953125,4976.2001953125,4936.0,4949.60009765625,169,4758.199916294643,4484.106656901042,4174.011097547743,0.0137305234083162,0.0142015867173053,0.0147329238691286,80.40493688273551,149.75698146006744,110.56275928787036,4927.555443664629,4187.864527038497,4918.938538720133
2026-01-26,5079.7001953125,5095.60009765625,5052.2001953125,5081.5,180,4822.971400669643,4513.55,4189.464434136285,0.0207990024391493,0.014469932358401,0.0148988786657377,82.88345540023613,169.00073889269242,122.2503552088348,5019.523789690424,4155.806190778327,4986.1073836638825
2026-01-27,5079.89990234375,5079.89990234375,5079.89990234375,5079.89990234375,34,4889.199986049107,4540.029996744792,4204.998876953125,3.931472795071223e-05,0.0140909890405336,0.0146768086595044,82.88795304503185,182.16775352310924,134.23383487168968,5096.080526562028,4134.329434375472,5089.388954535127
2026-01-28,5301.60009765625,5301.60009765625,5301.60009765625,5301.60009765625,112054,4991.085728236607,4573.413330078125,4223.41998969184,0.0436426306766817,0.0148918955235205,0.0162099434471557,86.97854367878564,208.0932904975325,149.00572599685825,5210.931480835996,4117.1284801015045,5089.044028344797
2026-01-29,5318.39990234375,5586.2001953125,5097.5,5415.7001953125,23709,5070.914271763393,4607.136653645834,4241.718877495659,0.0031688177867144,0.0142146589557314,0.0161932312025433,87.22770230586192,227.3740427403418,164.67938934555497,5310.168253728885,4112.7216876773655,5311.123073371826
2026-01-30,4713.89990234375,5440.5,4700.0,5376.39990234375,23709,5054.071428571428,4620.783317057291,4252.532210286458,-0.1136620056971655,0.0511055932487831,0.0273687083697451,50.08856967736989,191.6666658053309,170.07684463751016,5302.863242729221,4158.856679145778,5327.386890246358
